{"created_at":"2020-02-05T09:55:41.409Z","updated_at":"2020-02-05T09:55:41.409Z","title":"Express Footer","uid":"express_footer","_version":1,"inbuilt_class":false,"schema":[{"display_name":"Title","uid":"title","data_type":"text","field_metadata":{"_default":true,"version":3},"unique":true,"mandatory":true,"multiple":false,"non_localizable":false},{"display_name":"Footer Section","uid":"footer_section","data_type":"group","field_metadata":{"ref_multiple":false,"rich_text_type":"standard","description":""},"mandatory":false,"multiple":false,"unique":false,"schema":[{"display_name":"Footer Menu","uid":"footer_menu","data_type":"group","field_metadata":{"ref_multiple":false,"rich_text_type":"standard","description":""},"mandatory":false,"multiple":true,"unique":false,"schema":[{"display_name":"Title","uid":"title","data_type":"text","field_metadata":{"_default":true,"version":3},"unique":false,"mandatory":false,"multiple":false,"non_localizable":false},{"data_type":"text","display_name":"Multi line textbox","uid":"multi_line","field_metadata":{"description":"","default_value":"","multiline":true,"version":3},"format":"","error_messages":{"format":""},"non_localizable":false,"multiple":true,"mandatory":true,"unique":false,"max_instance":7}],"non_localizable":false}],"non_localizable":false},{"data_type":"text","display_name":"Multi line textbox","uid":"multi_line","field_metadata":{"description":"","default_value":"","multiline":true,"version":3},"format":"","error_messages":{"format":""},"multiple":false,"mandatory":true,"unique":false,"non_localizable":false}],"last_activity":{"environments":[{"uid":"bltc3cbe21d010b825e","details":[{"locale":"en-us","time":"2020-02-05T10:00:17.535Z"}]},{"uid":"bltde782062802303f2","details":[{"locale":"en-us","time":"2020-01-27T11:15:11.642Z"}]}]},"maintain_revisions":true,"description":"this is for \" Documentation on how to structure frontend for header body footer\"","DEFAULT_ACL":[{"k":"others","v":{"read":false,"create":false}},{"k":"users.blt8689ebb6d4501435","v":{"read":true,"sub_acl":{"read":true}}}],"SYS_ACL":{"roles":[]},"options":{"_version":1,"is_page":false,"sub_title":[],"title":"title","description":"","singleton":false},"abilities":{"get_one_object":true,"get_all_objects":true,"create_object":true,"update_object":true,"delete_object":true,"delete_all_objects":true}}